question,q_importance
Q1,0.3478846444365827
Q2,0.43000771469434595
Q3,0.8647004899470472
Q4,0.28378274151488503
Q5,0.1850875161072132
Q6,0.25880666833970895
Q7,0.3167749138624906
Q8,0.7659521014098629
Q9,0.35281660988858576
Q10,0.11126006227605585
Q11,0.46495324346233413
Q12,0.10657981176656676
Q13,0.5975106028286737
Q14,0.19288564393725716
Q15,0.09108844638653478
Q16,0.2644314560485337
Q17,0.1378516394152293
Q18,0.3538088686775561
Q19,0.1871848608179068
Q20,0.08435463902709528
Q21,0.7073012348044836
Q22,0.10090608024348736
Q23,0.7076582092852589
Q24,0.3241169478104026
Q25,0.7939514756701759
Q26,0.201695689802781
Q27,0.13255990657816985
Q28,0.44271447523989627
Q29,0.21872596601530941
Q30,0.0
Q31,0.31483494285862873
Q32,0.200540771925317
Q33,0.7388044280502858
Q34,0.009947177927662502
Q35,0.01745387077616717
Q36,0.7763372411271188
Q37,0.12028991105609935
Q38,0.7092805139923843
Q39,0.3275530893078284
Q40,0.06331403180165424
Q41,0.23354681961478507
Q42,0.20354477335506357
Q43,0.3085653885433346
Q44,0.17938904903972197
Q45,0.07344407396202701
Q46,0.1338158938953388
Q47,0.4931886585582948
Q48,0.4755535176670843
Q49,0.2293793891770808
Q50,0.04201987965201418
Q51,0.6902390922498436
Q52,0.1538844609379323
Q53,0.46724409381331133
Q54,0.19017259397467287
Q55,0.05576782326180392
Q56,0.3546524308406992
Q57,0.18609590188508293
Q58,0.9999999987648763
Q59,0.18742891745238022
Q60,0.026831511236988747
