question,q_uncertainty
Q1,0.1742863249940594
Q2,0.0
Q3,0.046799153146654206
Q4,0.17963279017081082
Q5,0.18875093653360114
Q6,0.10098757896105737
Q7,0.20196364914751755
Q8,0.06261988195956236
Q9,0.3582208393587453
Q10,0.30736356441385615
Q11,0.16564387464795208
Q12,0.2747982079384338
Q13,0.19791383924204708
Q14,0.5483828795332327
Q15,0.5360620969505969
Q16,0.2634889187676158
Q17,0.03677053483795456
Q18,0.312126918344351
Q19,0.03130130939883331
Q20,0.2606334639147849
Q21,0.12101092863103169
Q22,0.6100283519102349
Q23,0.17153125223077045
Q24,0.33531390227581376
Q25,0.18047740635096976
Q26,0.32087166890909985
Q27,0.3874147642535638
Q28,0.2601711948017986
Q29,0.435578346566349
Q30,0.19570159701392462
Q31,0.48130206866453434
Q32,0.47388146655482655
Q33,0.2516297659215998
Q34,0.9999999822534695
Q35,0.6680766928492551
Q36,0.10685961151107949
Q37,0.2972134645955196
Q38,0.2080888747386774
Q39,0.641935790104519
Q40,0.8825164930364702
Q41,0.23359231924600365
Q42,0.06649258461150968
Q43,0.5027793601919511
Q44,0.47901246189606433
Q45,0.33279731689723274
Q46,0.3614189999440254
Q47,0.29168094089611396
Q48,0.33482094309723504
Q49,0.5044494112612735
Q50,0.27924507056750647
Q51,0.1682704327615726
Q52,0.6811877446208965
Q53,0.5046623235913212
Q54,0.5556167837439199
Q55,0.4366851070567768
Q56,0.4528613291294641
Q57,0.038413732099883684
Q58,0.07229492513758233
Q59,0.5246748038630649
Q60,0.5090132797654177
